version,suite,round,name,sink,thread,size,pitch,aspect,paspect,width,height,depth
8.6.12,bench/image-from-value.bench,0,image from value,null,0,100000,100000,100000/1,100000/1,100000,1,1,649.822
8.6.12,bench/image-from-value.bench,0,image from value,null,0,100000,100000,10000/1,100000/1,10000,1,10,389.457
8.6.12,bench/image-from-value.bench,0,image from value,null,0,100000,100000,1000/1,100000/1,1000,1,100,387.919
8.6.12,bench/image-from-value.bench,0,image from value,null,0,100000,100000,100/1,100000/1,100,1,1000,414.659
8.6.12,bench/image-from-value.bench,0,image from value,null,0,100000,100000,10/1,100000/1,10,1,10000,394.806
8.6.12,bench/image-from-value.bench,0,image from value,null,0,100000,100000,1/1,100000/1,1,1,100000,634.748
8.6.12,bench/image-from-value.bench,0,image from value,null,0,100000,10000,1000/1,1000/1,10000,10,1,487.762
8.6.12,bench/image-from-value.bench,0,image from value,null,0,100000,10000,100/1,1000/1,1000,10,10,756.5
8.6.12,bench/image-from-value.bench,0,image from value,null,0,100000,10000,10/1,1000/1,100,10,100,411.517
8.6.12,bench/image-from-value.bench,0,image from value,null,0,100000,10000,1/10,1000/1,1,10,10000,424.936
8.6.12,bench/image-from-value.bench,0,image from value,null,0,100000,10000,1/1,1000/1,10,10,1000,387.547
8.6.12,bench/image-from-value.bench,0,image from value,null,0,100000,1000,10/1,10/1,1000,100,1,491.088
8.6.12,bench/image-from-value.bench,0,image from value,null,0,100000,1000,1/100,10/1,1,100,1000,461.207
8.6.12,bench/image-from-value.bench,0,image from value,null,0,100000,1000,1/10,10/1,10,100,100,391.079
8.6.12,bench/image-from-value.bench,0,image from value,null,0,100000,1000,1/1,10/1,100,100,10,400.713
8.6.12,bench/image-from-value.bench,0,image from value,null,0,100000,100,1/1000,1/10,1,1000,100,423.937
8.6.12,bench/image-from-value.bench,0,image from value,null,0,100000,100,1/100,1/10,10,1000,10,443.445
8.6.12,bench/image-from-value.bench,0,image from value,null,0,100000,100,1/10,1/10,100,1000,1,572.078
8.6.12,bench/image-from-value.bench,0,image from value,null,0,100000,10,1/10000,1/1000,1,10000,10,784.546
8.6.12,bench/image-from-value.bench,0,image from value,null,0,100000,10,1/1000,1/1000,10,10000,1,1189.61
8.6.12,bench/image-from-value.bench,0,image from value,null,0,100000,1,1/100000,1/100000,1,100000,1,4395.554
8.6.12,bench/image-from-value.bench,0,image from value,null,0,10000,10000,10000/1,10000/1,10000,1,1,55.985
8.6.12,bench/image-from-value.bench,0,image from value,null,0,10000,10000,1000/1,10000/1,1000,1,10,53.559
8.6.12,bench/image-from-value.bench,0,image from value,null,0,10000,10000,100/1,10000/1,100,1,100,52.134
8.6.12,bench/image-from-value.bench,0,image from value,null,0,10000,10000,10/1,10000/1,10,1,1000,41.837
8.6.12,bench/image-from-value.bench,0,image from value,null,0,10000,10000,1/1,10000/1,1,1,10000,44.111
8.6.12,bench/image-from-value.bench,0,image from value,null,0,10000,1000,100/1,100/1,1000,10,1,64.889
8.6.12,bench/image-from-value.bench,0,image from value,null,0,10000,1000,10/1,100/1,100,10,10,45.938
8.6.12,bench/image-from-value.bench,0,image from value,null,0,10000,1000,1/10,100/1,1,10,1000,42.107
8.6.12,bench/image-from-value.bench,0,image from value,null,0,10000,1000,1/1,100/1,10,10,100,48.909
8.6.12,bench/image-from-value.bench,0,image from value,null,0,10000,100,1/100,1/1,1,100,100,50.83
8.6.12,bench/image-from-value.bench,0,image from value,null,0,10000,100,1/10,1/1,10,100,10,48.925
8.6.12,bench/image-from-value.bench,0,image from value,null,0,10000,100,1/1,1/1,100,100,1,59.038
8.6.12,bench/image-from-value.bench,0,image from value,null,0,10000,10,1/1000,1/100,1,1000,10,79.596
8.6.12,bench/image-from-value.bench,0,image from value,null,0,10000,10,1/100,1/100,10,1000,1,109.04
8.6.12,bench/image-from-value.bench,0,image from value,null,0,10000,1,1/10000,1/10000,1,10000,1,440.69
8.6.12,bench/image-from-value.bench,0,image from value,null,0,1000,1000,1000/1,1000/1,1000,1,1,10.433
8.6.12,bench/image-from-value.bench,0,image from value,null,0,1000,1000,100/1,1000/1,100,1,10,10.241
8.6.12,bench/image-from-value.bench,0,image from value,null,0,1000,1000,10/1,1000/1,10,1,100,8.242
8.6.12,bench/image-from-value.bench,0,image from value,null,0,1000,1000,1/1,1000/1,1,1,1000,9.767
8.6.12,bench/image-from-value.bench,0,image from value,null,0,1000,100,10/1,10/1,100,10,1,11.145
8.6.12,bench/image-from-value.bench,0,image from value,null,0,1000,100,1/10,10/1,1,10,100,10.601
8.6.12,bench/image-from-value.bench,0,image from value,null,0,1000,100,1/1,10/1,10,10,10,9.533
8.6.12,bench/image-from-value.bench,0,image from value,null,0,1000,10,1/100,1/10,1,100,10,12.28
8.6.12,bench/image-from-value.bench,0,image from value,null,0,1000,10,1/10,1/10,10,100,1,16.394
8.6.12,bench/image-from-value.bench,0,image from value,null,0,1000,1,1/1000,1/1000,1,1000,1,51.483
8.6.12,bench/image-from-value.bench,0,image from value,null,0,100,100,100/1,100/1,100,1,1,4.363
8.6.12,bench/image-from-value.bench,0,image from value,null,0,100,100,10/1,100/1,10,1,10,4.197
8.6.12,bench/image-from-value.bench,0,image from value,null,0,100,100,1/1,100/1,1,1,100,4.147
8.6.12,bench/image-from-value.bench,0,image from value,null,0,100,10,1/10,1/1,1,10,10,4.892
8.6.12,bench/image-from-value.bench,0,image from value,null,0,100,10,1/1,1/1,10,10,1,5.44
8.6.12,bench/image-from-value.bench,0,image from value,null,0,100,1,1/100,1/100,1,100,1,11.863
8.6.12,bench/image-from-value.bench,0,image from value,null,0,10,10,10/1,10/1,10,1,1,3.465
8.6.12,bench/image-from-value.bench,0,image from value,null,0,10,10,1/1,10/1,1,1,10,3.548
8.6.12,bench/image-from-value.bench,0,image from value,null,0,10,1,1/10,1/10,1,10,1,4.485
8.6.12,bench/image-from-value.bench,0,image from value,null,0,1,1,1/1,1/1,1,1,1,1.698
8.6.12,bench/image-from-value.bench,0,image from value,null,1,100000,100000,100000/1,100000/1,100000,1,1,916.728
8.6.12,bench/image-from-value.bench,0,image from value,null,1,100000,100000,10000/1,100000/1,10000,1,10,598.57
8.6.12,bench/image-from-value.bench,0,image from value,null,1,100000,100000,1000/1,100000/1,1000,1,100,663.056
8.6.12,bench/image-from-value.bench,0,image from value,null,1,100000,100000,100/1,100000/1,100,1,1000,642.397
8.6.12,bench/image-from-value.bench,0,image from value,null,1,100000,100000,10/1,100000/1,10,1,10000,699.82
8.6.12,bench/image-from-value.bench,0,image from value,null,1,100000,100000,1/1,100000/1,1,1,100000,612.16
8.6.12,bench/image-from-value.bench,0,image from value,null,1,100000,10000,1000/1,1000/1,10000,10,1,1326.132
8.6.12,bench/image-from-value.bench,0,image from value,null,1,100000,10000,100/1,1000/1,1000,10,10,690.75
8.6.12,bench/image-from-value.bench,0,image from value,null,1,100000,10000,10/1,1000/1,100,10,100,762.954
8.6.12,bench/image-from-value.bench,0,image from value,null,1,100000,10000,1/10,1000/1,1,10,10000,714.327
8.6.12,bench/image-from-value.bench,0,image from value,null,1,100000,10000,1/1,1000/1,10,10,1000,731.113
8.6.12,bench/image-from-value.bench,0,image from value,null,1,100000,1000,10/1,10/1,1000,100,1,1084.58
8.6.12,bench/image-from-value.bench,0,image from value,null,1,100000,1000,1/100,10/1,1,100,1000,1044.895
8.6.12,bench/image-from-value.bench,0,image from value,null,1,100000,1000,1/10,10/1,10,100,100,927.496
8.6.12,bench/image-from-value.bench,0,image from value,null,1,100000,1000,1/1,10/1,100,100,10,895.861
8.6.12,bench/image-from-value.bench,0,image from value,null,1,100000,100,1/1000,1/10,1,1000,100,3111.127
8.6.12,bench/image-from-value.bench,0,image from value,null,1,100000,100,1/100,1/10,10,1000,10,2983.477
8.6.12,bench/image-from-value.bench,0,image from value,null,1,100000,100,1/10,1/10,100,1000,1,3263.203
8.6.12,bench/image-from-value.bench,0,image from value,null,1,100000,10,1/10000,1/1000,1,10000,10,23384.09
8.6.12,bench/image-from-value.bench,0,image from value,null,1,100000,10,1/1000,1/1000,10,10000,1,22750.779
8.6.12,bench/image-from-value.bench,0,image from value,null,1,100000,1,1/100000,1/100000,1,100000,1,219717.118
8.6.12,bench/image-from-value.bench,0,image from value,null,1,10000,10000,10000/1,10000/1,10000,1,1,156.306
8.6.12,bench/image-from-value.bench,0,image from value,null,1,10000,10000,1000/1,10000/1,1000,1,10,152.162
8.6.12,bench/image-from-value.bench,0,image from value,null,1,10000,10000,100/1,10000/1,100,1,100,142.504
8.6.12,bench/image-from-value.bench,0,image from value,null,1,10000,10000,10/1,10000/1,10,1,1000,144.933
8.6.12,bench/image-from-value.bench,0,image from value,null,1,10000,10000,1/1,10000/1,1,1,10000,134.444
8.6.12,bench/image-from-value.bench,0,image from value,null,1,10000,1000,100/1,100/1,1000,10,1,182.732
8.6.12,bench/image-from-value.bench,0,image from value,null,1,10000,1000,10/1,100/1,100,10,10,180.547
8.6.12,bench/image-from-value.bench,0,image from value,null,1,10000,1000,1/10,100/1,1,10,1000,166.775
8.6.12,bench/image-from-value.bench,0,image from value,null,1,10000,1000,1/1,100/1,10,10,100,178.474
8.6.12,bench/image-from-value.bench,0,image from value,null,1,10000,100,1/100,1/1,1,100,100,381.104
8.6.12,bench/image-from-value.bench,0,image from value,null,1,10000,100,1/10,1/1,10,100,10,433.345
8.6.12,bench/image-from-value.bench,0,image from value,null,1,10000,100,1/1,1/1,100,100,1,432.082
8.6.12,bench/image-from-value.bench,0,image from value,null,1,10000,10,1/1000,1/100,1,1000,10,2623.193
8.6.12,bench/image-from-value.bench,0,image from value,null,1,10000,10,1/100,1/100,10,1000,1,2599.76
8.6.12,bench/image-from-value.bench,0,image from value,null,1,10000,1,1/10000,1/10000,1,10000,1,23348.2
8.6.12,bench/image-from-value.bench,0,image from value,null,1,1000,1000,1000/1,1000/1,1000,1,1,74.859
8.6.12,bench/image-from-value.bench,0,image from value,null,1,1000,1000,100/1,1000/1,100,1,10,67.276
8.6.12,bench/image-from-value.bench,0,image from value,null,1,1000,1000,10/1,1000/1,10,1,100,70.237
8.6.12,bench/image-from-value.bench,0,image from value,null,1,1000,1000,1/1,1000/1,1,1,1000,70.189
8.6.12,bench/image-from-value.bench,0,image from value,null,1,1000,100,10/1,10/1,100,10,1,107.681
8.6.12,bench/image-from-value.bench,0,image from value,null,1,1000,100,1/10,10/1,1,10,100,104.803
8.6.12,bench/image-from-value.bench,0,image from value,null,1,1000,100,1/1,10/1,10,10,10,104.722
8.6.12,bench/image-from-value.bench,0,image from value,null,1,1000,10,1/100,1/10,1,100,10,311.509
8.6.12,bench/image-from-value.bench,0,image from value,null,1,1000,10,1/10,1/10,10,100,1,325.858
8.6.12,bench/image-from-value.bench,0,image from value,null,1,1000,1,1/1000,1/1000,1,1000,1,2638.172
8.6.12,bench/image-from-value.bench,0,image from value,null,1,100,100,100/1,100/1,100,1,1,69.158
8.6.12,bench/image-from-value.bench,0,image from value,null,1,100,100,10/1,100/1,10,1,10,72.89
8.6.12,bench/image-from-value.bench,0,image from value,null,1,100,100,1/1,100/1,1,1,100,72.957
8.6.12,bench/image-from-value.bench,0,image from value,null,1,100,10,1/10,1/1,1,10,10,98.3
8.6.12,bench/image-from-value.bench,0,image from value,null,1,100,10,1/1,1/1,10,10,1,95.651
8.6.12,bench/image-from-value.bench,0,image from value,null,1,100,1,1/100,1/100,1,100,1,344.416
8.6.12,bench/image-from-value.bench,0,image from value,null,1,10,10,10/1,10/1,10,1,1,67.341
8.6.12,bench/image-from-value.bench,0,image from value,null,1,10,10,1/1,10/1,1,1,10,66.968
8.6.12,bench/image-from-value.bench,0,image from value,null,1,10,1,1/10,1/10,1,10,1,97.308
8.6.12,bench/image-from-value.bench,0,image from value,null,1,1,1,1/1,1/1,1,1,1,62.379
8.6.12,bench/image-from-value.bench,0,image from value,null,2,100000,100000,100000/1,100000/1,100000,1,1,1014.992
8.6.12,bench/image-from-value.bench,0,image from value,null,2,100000,100000,10000/1,100000/1,10000,1,10,852.85
8.6.12,bench/image-from-value.bench,0,image from value,null,2,100000,100000,1000/1,100000/1,1000,1,100,1231.245
8.6.12,bench/image-from-value.bench,0,image from value,null,2,100000,100000,100/1,100000/1,100,1,1000,814.372
8.6.12,bench/image-from-value.bench,0,image from value,null,2,100000,100000,10/1,100000/1,10,1,10000,807.933
8.6.12,bench/image-from-value.bench,0,image from value,null,2,100000,100000,1/1,100000/1,1,1,100000,888.982
8.6.12,bench/image-from-value.bench,0,image from value,null,2,100000,10000,1000/1,1000/1,10000,10,1,528.684
8.6.12,bench/image-from-value.bench,0,image from value,null,2,100000,10000,100/1,1000/1,1000,10,10,403.006
8.6.12,bench/image-from-value.bench,0,image from value,null,2,100000,10000,10/1,1000/1,100,10,100,431.751
8.6.12,bench/image-from-value.bench,0,image from value,null,2,100000,10000,1/10,1000/1,1,10,10000,407.458
8.6.12,bench/image-from-value.bench,0,image from value,null,2,100000,10000,1/1,1000/1,10,10,1000,419.008
8.6.12,bench/image-from-value.bench,0,image from value,null,2,100000,1000,10/1,10/1,1000,100,1,656.811
8.6.12,bench/image-from-value.bench,0,image from value,null,2,100000,1000,1/100,10/1,1,100,1000,546.987
8.6.12,bench/image-from-value.bench,0,image from value,null,2,100000,1000,1/10,10/1,10,100,100,553.9
8.6.12,bench/image-from-value.bench,0,image from value,null,2,100000,1000,1/1,10/1,100,100,10,565.857
8.6.12,bench/image-from-value.bench,0,image from value,null,2,100000,100,1/1000,1/10,1,1000,100,2336.517
8.6.12,bench/image-from-value.bench,0,image from value,null,2,100000,100,1/100,1/10,10,1000,10,2299.358
8.6.12,bench/image-from-value.bench,0,image from value,null,2,100000,100,1/10,1/10,100,1000,1,2459.141
8.6.12,bench/image-from-value.bench,0,image from value,null,2,100000,10,1/10000,1/1000,1,10000,10,19727.199
8.6.12,bench/image-from-value.bench,0,image from value,null,2,100000,10,1/1000,1/1000,10,10000,1,19965.802
8.6.12,bench/image-from-value.bench,0,image from value,null,2,100000,1,1/100000,1/100000,1,100000,1,182158.076
8.6.12,bench/image-from-value.bench,0,image from value,null,2,10000,10000,10000/1,10000/1,10000,1,1,201.934
8.6.12,bench/image-from-value.bench,0,image from value,null,2,10000,10000,1000/1,10000/1,1000,1,10,177.674
8.6.12,bench/image-from-value.bench,0,image from value,null,2,10000,10000,100/1,10000/1,100,1,100,163.953
8.6.12,bench/image-from-value.bench,0,image from value,null,2,10000,10000,10/1,10000/1,10,1,1000,176.19
8.6.12,bench/image-from-value.bench,0,image from value,null,2,10000,10000,1/1,10000/1,1,1,10000,165.633
8.6.12,bench/image-from-value.bench,0,image from value,null,2,10000,1000,100/1,100/1,1000,10,1,186.335
8.6.12,bench/image-from-value.bench,0,image from value,null,2,10000,1000,10/1,100/1,100,10,10,157.834
8.6.12,bench/image-from-value.bench,0,image from value,null,2,10000,1000,1/10,100/1,1,10,1000,154.362
8.6.12,bench/image-from-value.bench,0,image from value,null,2,10000,1000,1/1,100/1,10,10,100,156.033
8.6.12,bench/image-from-value.bench,0,image from value,null,2,10000,100,1/100,1/1,1,100,100,338.606
8.6.12,bench/image-from-value.bench,0,image from value,null,2,10000,100,1/10,1/1,10,100,10,334.577
8.6.12,bench/image-from-value.bench,0,image from value,null,2,10000,100,1/1,1/1,100,100,1,348.847
8.6.12,bench/image-from-value.bench,0,image from value,null,2,10000,10,1/1000,1/100,1,1000,10,2189.432
8.6.12,bench/image-from-value.bench,0,image from value,null,2,10000,10,1/100,1/100,10,1000,1,2216.379
8.6.12,bench/image-from-value.bench,0,image from value,null,2,10000,1,1/10000,1/10000,1,10000,1,19914.736
8.6.12,bench/image-from-value.bench,0,image from value,null,2,1000,1000,1000/1,1000/1,1000,1,1,89.634
8.6.12,bench/image-from-value.bench,0,image from value,null,2,1000,1000,100/1,1000/1,100,1,10,89.965
8.6.12,bench/image-from-value.bench,0,image from value,null,2,1000,1000,10/1,1000/1,10,1,100,91.173
8.6.12,bench/image-from-value.bench,0,image from value,null,2,1000,1000,1/1,1000/1,1,1,1000,96.794
8.6.12,bench/image-from-value.bench,0,image from value,null,2,1000,100,10/1,10/1,100,10,1,134.58
8.6.12,bench/image-from-value.bench,0,image from value,null,2,1000,100,1/10,10/1,1,10,100,124.042
8.6.12,bench/image-from-value.bench,0,image from value,null,2,1000,100,1/1,10/1,10,10,10,126.67
8.6.12,bench/image-from-value.bench,0,image from value,null,2,1000,10,1/100,1/10,1,100,10,358.358
8.6.12,bench/image-from-value.bench,0,image from value,null,2,1000,10,1/10,1/10,10,100,1,343.521
8.6.12,bench/image-from-value.bench,0,image from value,null,2,1000,1,1/1000,1/1000,1,1000,1,2053.133
8.6.12,bench/image-from-value.bench,0,image from value,null,2,100,100,100/1,100/1,100,1,1,86.24
8.6.12,bench/image-from-value.bench,0,image from value,null,2,100,100,10/1,100/1,10,1,10,88.943
8.6.12,bench/image-from-value.bench,0,image from value,null,2,100,100,1/1,100/1,1,1,100,93.234
8.6.12,bench/image-from-value.bench,0,image from value,null,2,100,10,1/10,1/1,1,10,10,112.302
8.6.12,bench/image-from-value.bench,0,image from value,null,2,100,10,1/1,1/1,10,10,1,122.443
8.6.12,bench/image-from-value.bench,0,image from value,null,2,100,1,1/100,1/100,1,100,1,357.965
8.6.12,bench/image-from-value.bench,0,image from value,null,2,10,10,10/1,10/1,10,1,1,81.342
8.6.12,bench/image-from-value.bench,0,image from value,null,2,10,10,1/1,10/1,1,1,10,82.526
8.6.12,bench/image-from-value.bench,0,image from value,null,2,10,1,1/10,1/10,1,10,1,121.408
8.6.12,bench/image-from-value.bench,0,image from value,null,2,1,1,1/1,1/1,1,1,1,87.466
8.6.12,bench/image-from-value.bench,0,image from value,null,4,100000,100000,100000/1,100000/1,100000,1,1,1394.507
8.6.12,bench/image-from-value.bench,0,image from value,null,4,100000,100000,10000/1,100000/1,10000,1,10,1064.453
8.6.12,bench/image-from-value.bench,0,image from value,null,4,100000,100000,1000/1,100000/1,1000,1,100,1068.532
8.6.12,bench/image-from-value.bench,0,image from value,null,4,100000,100000,100/1,100000/1,100,1,1000,1102.708
8.6.12,bench/image-from-value.bench,0,image from value,null,4,100000,100000,10/1,100000/1,10,1,10000,1107.486
8.6.12,bench/image-from-value.bench,0,image from value,null,4,100000,100000,1/1,100000/1,1,1,100000,1100.702
8.6.12,bench/image-from-value.bench,0,image from value,null,4,100000,10000,1000/1,1000/1,10000,10,1,481.519
8.6.12,bench/image-from-value.bench,0,image from value,null,4,100000,10000,100/1,1000/1,1000,10,10,399.255
8.6.12,bench/image-from-value.bench,0,image from value,null,4,100000,10000,10/1,1000/1,100,10,100,401.302
8.6.12,bench/image-from-value.bench,0,image from value,null,4,100000,10000,1/10,1000/1,1,10,10000,388.652
8.6.12,bench/image-from-value.bench,0,image from value,null,4,100000,10000,1/1,1000/1,10,10,1000,393.316
8.6.12,bench/image-from-value.bench,0,image from value,null,4,100000,1000,10/1,10/1,1000,100,1,540.429
8.6.12,bench/image-from-value.bench,0,image from value,null,4,100000,1000,1/100,10/1,1,100,1000,485.858
8.6.12,bench/image-from-value.bench,0,image from value,null,4,100000,1000,1/10,10/1,10,100,100,632.007
8.6.12,bench/image-from-value.bench,0,image from value,null,4,100000,1000,1/1,10/1,100,100,10,496.163
8.6.12,bench/image-from-value.bench,0,image from value,null,4,100000,100,1/1000,1/10,1,1000,100,1758.757
8.6.12,bench/image-from-value.bench,0,image from value,null,4,100000,100,1/100,1/10,10,1000,10,1758.477
8.6.12,bench/image-from-value.bench,0,image from value,null,4,100000,100,1/10,1/10,100,1000,1,1829.234
8.6.12,bench/image-from-value.bench,0,image from value,null,4,100000,10,1/10000,1/1000,1,10000,10,12143.373
8.6.12,bench/image-from-value.bench,0,image from value,null,4,100000,10,1/1000,1/1000,10,10000,1,11742.918
8.6.12,bench/image-from-value.bench,0,image from value,null,4,100000,1,1/100000,1/100000,1,100000,1,112940.988
8.6.12,bench/image-from-value.bench,0,image from value,null,4,10000,10000,10000/1,10000/1,10000,1,1,283.813
8.6.12,bench/image-from-value.bench,0,image from value,null,4,10000,10000,1000/1,10000/1,1000,1,10,226.537
8.6.12,bench/image-from-value.bench,0,image from value,null,4,10000,10000,100/1,10000/1,100,1,100,228.269
8.6.12,bench/image-from-value.bench,0,image from value,null,4,10000,10000,10/1,10000/1,10,1,1000,236.703
8.6.12,bench/image-from-value.bench,0,image from value,null,4,10000,10000,1/1,10000/1,1,1,10000,225.839
8.6.12,bench/image-from-value.bench,0,image from value,null,4,10000,1000,100/1,100/1,1000,10,1,220.489
8.6.12,bench/image-from-value.bench,0,image from value,null,4,10000,1000,10/1,100/1,100,10,10,227.434
8.6.12,bench/image-from-value.bench,0,image from value,null,4,10000,1000,1/10,100/1,1,10,1000,195.789
8.6.12,bench/image-from-value.bench,0,image from value,null,4,10000,1000,1/1,100/1,10,10,100,207.61
8.6.12,bench/image-from-value.bench,0,image from value,null,4,10000,100,1/100,1/1,1,100,100,399.842
8.6.12,bench/image-from-value.bench,0,image from value,null,4,10000,100,1/10,1/1,10,100,10,411.989
8.6.12,bench/image-from-value.bench,0,image from value,null,4,10000,100,1/1,1/1,100,100,1,424.413
8.6.12,bench/image-from-value.bench,0,image from value,null,4,10000,10,1/1000,1/100,1,1000,10,1622.371
8.6.12,bench/image-from-value.bench,0,image from value,null,4,10000,10,1/100,1/100,10,1000,1,1673.772
8.6.12,bench/image-from-value.bench,0,image from value,null,4,10000,1,1/10000,1/10000,1,10000,1,12380.517
8.6.12,bench/image-from-value.bench,0,image from value,null,4,1000,1000,1000/1,1000/1,1000,1,1,159.109
8.6.12,bench/image-from-value.bench,0,image from value,null,4,1000,1000,100/1,1000/1,100,1,10,154.879
8.6.12,bench/image-from-value.bench,0,image from value,null,4,1000,1000,10/1,1000/1,10,1,100,159.561
8.6.12,bench/image-from-value.bench,0,image from value,null,4,1000,1000,1/1,1000/1,1,1,1000,157.895
8.6.12,bench/image-from-value.bench,0,image from value,null,4,1000,100,10/1,10/1,100,10,1,178.397
8.6.12,bench/image-from-value.bench,0,image from value,null,4,1000,100,1/10,10/1,1,10,100,188.671
8.6.12,bench/image-from-value.bench,0,image from value,null,4,1000,100,1/1,10/1,10,10,10,186.708
8.6.12,bench/image-from-value.bench,0,image from value,null,4,1000,10,1/100,1/10,1,100,10,349.088
8.6.12,bench/image-from-value.bench,0,image from value,null,4,1000,10,1/10,1/10,10,100,1,366.046
8.6.12,bench/image-from-value.bench,0,image from value,null,4,1000,1,1/1000,1/1000,1,1000,1,1613.123
8.6.12,bench/image-from-value.bench,0,image from value,null,4,100,100,100/1,100/1,100,1,1,164.309
8.6.12,bench/image-from-value.bench,0,image from value,null,4,100,100,10/1,100/1,10,1,10,159.57
8.6.12,bench/image-from-value.bench,0,image from value,null,4,100,100,1/1,100/1,1,1,100,151.675
8.6.12,bench/image-from-value.bench,0,image from value,null,4,100,10,1/10,1/1,1,10,10,185.725
8.6.12,bench/image-from-value.bench,0,image from value,null,4,100,10,1/1,1/1,10,10,1,176.184
8.6.12,bench/image-from-value.bench,0,image from value,null,4,100,1,1/100,1/100,1,100,1,350.255
8.6.12,bench/image-from-value.bench,0,image from value,null,4,10,10,10/1,10/1,10,1,1,146.101
8.6.12,bench/image-from-value.bench,0,image from value,null,4,10,10,1/1,10/1,1,1,10,151.296
8.6.12,bench/image-from-value.bench,0,image from value,null,4,10,1,1/10,1/10,1,10,1,186.724
8.6.12,bench/image-from-value.bench,0,image from value,null,4,1,1,1/1,1/1,1,1,1,158.057
8.6.12,bench/image-from-value.bench,0,image from value,null,8,100000,100000,100000/1,100000/1,100000,1,1,1520.734
8.6.12,bench/image-from-value.bench,0,image from value,null,8,100000,100000,10000/1,100000/1,10000,1,10,1184.057
8.6.12,bench/image-from-value.bench,0,image from value,null,8,100000,100000,1000/1,100000/1,1000,1,100,1195.78
8.6.12,bench/image-from-value.bench,0,image from value,null,8,100000,100000,100/1,100000/1,100,1,1000,1208.872
8.6.12,bench/image-from-value.bench,0,image from value,null,8,100000,100000,10/1,100000/1,10,1,10000,1166.207
8.6.12,bench/image-from-value.bench,0,image from value,null,8,100000,100000,1/1,100000/1,1,1,100000,1167.419
8.6.12,bench/image-from-value.bench,0,image from value,null,8,100000,10000,1000/1,1000/1,10000,10,1,598.777
8.6.12,bench/image-from-value.bench,0,image from value,null,8,100000,10000,100/1,1000/1,1000,10,10,525.309
8.6.12,bench/image-from-value.bench,0,image from value,null,8,100000,10000,10/1,1000/1,100,10,100,519.228
8.6.12,bench/image-from-value.bench,0,image from value,null,8,100000,10000,1/10,1000/1,1,10,10000,536.091
8.6.12,bench/image-from-value.bench,0,image from value,null,8,100000,10000,1/1,1000/1,10,10,1000,568.873
8.6.12,bench/image-from-value.bench,0,image from value,null,8,100000,1000,10/1,10/1,1000,100,1,707.219
8.6.12,bench/image-from-value.bench,0,image from value,null,8,100000,1000,1/100,10/1,1,100,1000,691.068
8.6.12,bench/image-from-value.bench,0,image from value,null,8,100000,1000,1/10,10/1,10,100,100,692.33
8.6.12,bench/image-from-value.bench,0,image from value,null,8,100000,1000,1/1,10/1,100,100,10,672.781
8.6.12,bench/image-from-value.bench,0,image from value,null,8,100000,100,1/1000,1/10,1,1000,100,1901.125
8.6.12,bench/image-from-value.bench,0,image from value,null,8,100000,100,1/100,1/10,10,1000,10,1873.298
8.6.12,bench/image-from-value.bench,0,image from value,null,8,100000,100,1/10,1/10,100,1000,1,1864.372
8.6.12,bench/image-from-value.bench,0,image from value,null,8,100000,10,1/10000,1/1000,1,10000,10,16055.582
8.6.12,bench/image-from-value.bench,0,image from value,null,8,100000,10,1/1000,1/1000,10,10000,1,15538.092
8.6.12,bench/image-from-value.bench,0,image from value,null,8,100000,1,1/100000,1/100000,1,100000,1,148897.774
8.6.12,bench/image-from-value.bench,0,image from value,null,8,10000,10000,10000/1,10000/1,10000,1,1,385.052
8.6.12,bench/image-from-value.bench,0,image from value,null,8,10000,10000,1000/1,10000/1,1000,1,10,353.21
8.6.12,bench/image-from-value.bench,0,image from value,null,8,10000,10000,100/1,10000/1,100,1,100,356.073
8.6.12,bench/image-from-value.bench,0,image from value,null,8,10000,10000,10/1,10000/1,10,1,1000,374.756
8.6.12,bench/image-from-value.bench,0,image from value,null,8,10000,10000,1/1,10000/1,1,1,10000,351.56
8.6.12,bench/image-from-value.bench,0,image from value,null,8,10000,1000,100/1,100/1,1000,10,1,406.438
8.6.12,bench/image-from-value.bench,0,image from value,null,8,10000,1000,10/1,100/1,100,10,10,401.074
8.6.12,bench/image-from-value.bench,0,image from value,null,8,10000,1000,1/10,100/1,1,10,1000,366.273
8.6.12,bench/image-from-value.bench,0,image from value,null,8,10000,1000,1/1,100/1,10,10,100,389.638
8.6.12,bench/image-from-value.bench,0,image from value,null,8,10000,100,1/100,1/1,1,100,100,537.817
8.6.12,bench/image-from-value.bench,0,image from value,null,8,10000,100,1/10,1/1,10,100,10,572.144
8.6.12,bench/image-from-value.bench,0,image from value,null,8,10000,100,1/1,1/1,100,100,1,543.696
8.6.12,bench/image-from-value.bench,0,image from value,null,8,10000,10,1/1000,1/100,1,1000,10,2136.498
8.6.12,bench/image-from-value.bench,0,image from value,null,8,10000,10,1/100,1/100,10,1000,1,2099.602
8.6.12,bench/image-from-value.bench,0,image from value,null,8,10000,1,1/10000,1/10000,1,10000,1,16787.64
8.6.12,bench/image-from-value.bench,0,image from value,null,8,1000,1000,1000/1,1000/1,1000,1,1,287.505
8.6.12,bench/image-from-value.bench,0,image from value,null,8,1000,1000,100/1,1000/1,100,1,10,287.443
8.6.12,bench/image-from-value.bench,0,image from value,null,8,1000,1000,10/1,1000/1,10,1,100,295.998
8.6.12,bench/image-from-value.bench,0,image from value,null,8,1000,1000,1/1,1000/1,1,1,1000,306.753
8.6.12,bench/image-from-value.bench,0,image from value,null,8,1000,100,10/1,10/1,100,10,1,392.94
8.6.12,bench/image-from-value.bench,0,image from value,null,8,1000,100,1/10,10/1,1,10,100,379.615
8.6.12,bench/image-from-value.bench,0,image from value,null,8,1000,100,1/1,10/1,10,10,10,369.522
8.6.12,bench/image-from-value.bench,0,image from value,null,8,1000,10,1/100,1/10,1,100,10,521.25
8.6.12,bench/image-from-value.bench,0,image from value,null,8,1000,10,1/10,1/10,10,100,1,510.629
8.6.12,bench/image-from-value.bench,0,image from value,null,8,1000,1,1/1000,1/1000,1,1000,1,2178.269
8.6.12,bench/image-from-value.bench,0,image from value,null,8,100,100,100/1,100/1,100,1,1,293.801
8.6.12,bench/image-from-value.bench,0,image from value,null,8,100,100,10/1,100/1,10,1,10,294.78
8.6.12,bench/image-from-value.bench,0,image from value,null,8,100,100,1/1,100/1,1,1,100,301.082
8.6.12,bench/image-from-value.bench,0,image from value,null,8,100,10,1/10,1/1,1,10,10,350.995
8.6.12,bench/image-from-value.bench,0,image from value,null,8,100,10,1/1,1/1,10,10,1,354.324
8.6.12,bench/image-from-value.bench,0,image from value,null,8,100,1,1/100,1/100,1,100,1,536.889
8.6.12,bench/image-from-value.bench,0,image from value,null,8,10,10,10/1,10/1,10,1,1,292.476
8.6.12,bench/image-from-value.bench,0,image from value,null,8,10,10,1/1,10/1,1,1,10,290.431
8.6.12,bench/image-from-value.bench,0,image from value,null,8,10,1,1/10,1/10,1,10,1,355.795
8.6.12,bench/image-from-value.bench,0,image from value,null,8,1,1,1/1,1/1,1,1,1,296.756
8.6.12,bench/image-from-value.bench,0,image from value,null-s,0,100000,100000,100000/1,100000/1,100000,1,1,482.707
8.6.12,bench/image-from-value.bench,0,image from value,null-s,0,100000,100000,10000/1,100000/1,10000,1,10,397.323
8.6.12,bench/image-from-value.bench,0,image from value,null-s,0,100000,100000,1000/1,100000/1,1000,1,100,402.27
8.6.12,bench/image-from-value.bench,0,image from value,null-s,0,100000,100000,100/1,100000/1,100,1,1000,418.481
8.6.12,bench/image-from-value.bench,0,image from value,null-s,0,100000,100000,10/1,100000/1,10,1,10000,392.939
8.6.12,bench/image-from-value.bench,0,image from value,null-s,0,100000,100000,1/1,100000/1,1,1,100000,656.159
8.6.12,bench/image-from-value.bench,0,image from value,null-s,0,100000,10000,1000/1,1000/1,10000,10,1,482.406
8.6.12,bench/image-from-value.bench,0,image from value,null-s,0,100000,10000,100/1,1000/1,1000,10,10,707.521
8.6.12,bench/image-from-value.bench,0,image from value,null-s,0,100000,10000,10/1,1000/1,100,10,100,396.264
8.6.12,bench/image-from-value.bench,0,image from value,null-s,0,100000,10000,1/10,1000/1,1,10,10000,383.99
8.6.12,bench/image-from-value.bench,0,image from value,null-s,0,100000,10000,1/1,1000/1,10,10,1000,383.565
8.6.12,bench/image-from-value.bench,0,image from value,null-s,0,100000,1000,10/1,10/1,1000,100,1,487.603
8.6.12,bench/image-from-value.bench,0,image from value,null-s,0,100000,1000,1/100,10/1,1,100,1000,493.111
8.6.12,bench/image-from-value.bench,0,image from value,null-s,0,100000,1000,1/10,10/1,10,100,100,395.709
8.6.12,bench/image-from-value.bench,0,image from value,null-s,0,100000,1000,1/1,10/1,100,100,10,398.931
8.6.12,bench/image-from-value.bench,0,image from value,null-s,0,100000,100,1/1000,1/10,1,1000,100,419.267
8.6.12,bench/image-from-value.bench,0,image from value,null-s,0,100000,100,1/100,1/10,10,1000,10,448.884
8.6.12,bench/image-from-value.bench,0,image from value,null-s,0,100000,100,1/10,1/10,100,1000,1,540.123
8.6.12,bench/image-from-value.bench,0,image from value,null-s,0,100000,10,1/10000,1/1000,1,10000,10,779.004
8.6.12,bench/image-from-value.bench,0,image from value,null-s,0,100000,10,1/1000,1/1000,10,10000,1,1065.817
8.6.12,bench/image-from-value.bench,0,image from value,null-s,0,100000,1,1/100000,1/100000,1,100000,1,4422.484
8.6.12,bench/image-from-value.bench,0,image from value,null-s,0,10000,10000,10000/1,10000/1,10000,1,1,50.103
8.6.12,bench/image-from-value.bench,0,image from value,null-s,0,10000,10000,1000/1,10000/1,1000,1,10,49.369
8.6.12,bench/image-from-value.bench,0,image from value,null-s,0,10000,10000,100/1,10000/1,100,1,100,40.087
8.6.12,bench/image-from-value.bench,0,image from value,null-s,0,10000,10000,10/1,10000/1,10,1,1000,38.58
8.6.12,bench/image-from-value.bench,0,image from value,null-s,0,10000,10000,1/1,10000/1,1,1,10000,38.484
8.6.12,bench/image-from-value.bench,0,image from value,null-s,0,10000,1000,100/1,100/1,1000,10,1,49.993
8.6.12,bench/image-from-value.bench,0,image from value,null-s,0,10000,1000,10/1,100/1,100,10,10,43.485
8.6.12,bench/image-from-value.bench,0,image from value,null-s,0,10000,1000,1/10,100/1,1,10,1000,38.809
8.6.12,bench/image-from-value.bench,0,image from value,null-s,0,10000,1000,1/1,100/1,10,10,100,40.969
8.6.12,bench/image-from-value.bench,0,image from value,null-s,0,10000,100,1/100,1/1,1,100,100,43.309
8.6.12,bench/image-from-value.bench,0,image from value,null-s,0,10000,100,1/10,1/1,10,100,10,44.248
8.6.12,bench/image-from-value.bench,0,image from value,null-s,0,10000,100,1/1,1/1,100,100,1,54.447
8.6.12,bench/image-from-value.bench,0,image from value,null-s,0,10000,10,1/1000,1/100,1,1000,10,86.27
8.6.12,bench/image-from-value.bench,0,image from value,null-s,0,10000,10,1/100,1/100,10,1000,1,109.916
8.6.12,bench/image-from-value.bench,0,image from value,null-s,0,10000,1,1/10000,1/10000,1,10000,1,433.967
8.6.12,bench/image-from-value.bench,0,image from value,null-s,0,1000,1000,1000/1,1000/1,1000,1,1,6.184
8.6.12,bench/image-from-value.bench,0,image from value,null-s,0,1000,1000,100/1,1000/1,100,1,10,5.394
8.6.12,bench/image-from-value.bench,0,image from value,null-s,0,1000,1000,10/1,1000/1,10,1,100,5.634
8.6.12,bench/image-from-value.bench,0,image from value,null-s,0,1000,1000,1/1,1000/1,1,1,1000,5.312
8.6.12,bench/image-from-value.bench,0,image from value,null-s,0,1000,100,10/1,10/1,100,10,1,6.87
8.6.12,bench/image-from-value.bench,0,image from value,null-s,0,1000,100,1/10,10/1,1,10,100,6.194
8.6.12,bench/image-from-value.bench,0,image from value,null-s,0,1000,100,1/1,10/1,10,10,10,6.206
8.6.12,bench/image-from-value.bench,0,image from value,null-s,0,1000,10,1/100,1/10,1,100,10,9.359
8.6.12,bench/image-from-value.bench,0,image from value,null-s,0,1000,10,1/10,1/10,10,100,1,12.641
8.6.12,bench/image-from-value.bench,0,image from value,null-s,0,1000,1,1/1000,1/1000,1,1000,1,44.542
8.6.12,bench/image-from-value.bench,0,image from value,null-s,0,100,100,100/1,100/1,100,1,1,4.211
8.6.12,bench/image-from-value.bench,0,image from value,null-s,0,100,100,10/1,100/1,10,1,10,4.019
8.6.12,bench/image-from-value.bench,0,image from value,null-s,0,100,100,1/1,100/1,1,1,100,3.936
8.6.12,bench/image-from-value.bench,0,image from value,null-s,0,100,10,1/10,1/1,1,10,10,4.885
8.6.12,bench/image-from-value.bench,0,image from value,null-s,0,100,10,1/1,1/1,10,10,1,5.058
8.6.12,bench/image-from-value.bench,0,image from value,null-s,0,100,1,1/100,1/100,1,100,1,7.254
8.6.12,bench/image-from-value.bench,0,image from value,null-s,0,10,10,10/1,10/1,10,1,1,3.625
8.6.12,bench/image-from-value.bench,0,image from value,null-s,0,10,10,1/1,10/1,1,1,10,3.548
8.6.12,bench/image-from-value.bench,0,image from value,null-s,0,10,1,1/10,1/10,1,10,1,2.516
8.6.12,bench/image-from-value.bench,0,image from value,null-s,0,1,1,1/1,1/1,1,1,1,1.627
8.6.12,bench/image-from-value.bench,0,image from value,null-s,1,100000,100000,100000/1,100000/1,100000,1,1,872.55
8.6.12,bench/image-from-value.bench,0,image from value,null-s,1,100000,100000,10000/1,100000/1,10000,1,10,533.05
8.6.12,bench/image-from-value.bench,0,image from value,null-s,1,100000,100000,1000/1,100000/1,1000,1,100,663.94
8.6.12,bench/image-from-value.bench,0,image from value,null-s,1,100000,100000,100/1,100000/1,100,1,1000,640.57
8.6.12,bench/image-from-value.bench,0,image from value,null-s,1,100000,100000,10/1,100000/1,10,1,10000,748.345
8.6.12,bench/image-from-value.bench,0,image from value,null-s,1,100000,100000,1/1,100000/1,1,1,100000,793.614
8.6.12,bench/image-from-value.bench,0,image from value,null-s,1,100000,10000,1000/1,1000/1,10000,10,1,833.81
8.6.12,bench/image-from-value.bench,0,image from value,null-s,1,100000,10000,100/1,1000/1,1000,10,10,751.109
8.6.12,bench/image-from-value.bench,0,image from value,null-s,1,100000,10000,10/1,1000/1,100,10,100,681.331
8.6.12,bench/image-from-value.bench,0,image from value,null-s,1,100000,10000,1/10,1000/1,1,10,10000,683.805
8.6.12,bench/image-from-value.bench,0,image from value,null-s,1,100000,10000,1/1,1000/1,10,10,1000,647.367
8.6.12,bench/image-from-value.bench,0,image from value,null-s,1,100000,1000,10/1,10/1,1000,100,1,1088.894
8.6.12,bench/image-from-value.bench,0,image from value,null-s,1,100000,1000,1/100,10/1,1,100,1000,912.035
8.6.12,bench/image-from-value.bench,0,image from value,null-s,1,100000,1000,1/10,10/1,10,100,100,971.083
8.6.12,bench/image-from-value.bench,0,image from value,null-s,1,100000,1000,1/1,10/1,100,100,10,954.206
8.6.12,bench/image-from-value.bench,0,image from value,null-s,1,100000,100,1/1000,1/10,1,1000,100,3667.517
8.6.12,bench/image-from-value.bench,0,image from value,null-s,1,100000,100,1/100,1/10,10,1000,10,3430.806
8.6.12,bench/image-from-value.bench,0,image from value,null-s,1,100000,100,1/10,1/10,100,1000,1,3475.214
8.6.12,bench/image-from-value.bench,0,image from value,null-s,1,100000,10,1/10000,1/1000,1,10000,10,32784.008
8.6.12,bench/image-from-value.bench,0,image from value,null-s,1,100000,10,1/1000,1/1000,10,10000,1,31763.269
8.6.12,bench/image-from-value.bench,0,image from value,null-s,1,100000,1,1/100000,1/100000,1,100000,1,315523.635
8.6.12,bench/image-from-value.bench,0,image from value,null-s,1,10000,10000,10000/1,10000/1,10000,1,1,172.525
8.6.12,bench/image-from-value.bench,0,image from value,null-s,1,10000,10000,1000/1,10000/1,1000,1,10,143.61
8.6.12,bench/image-from-value.bench,0,image from value,null-s,1,10000,10000,100/1,10000/1,100,1,100,149.672
8.6.12,bench/image-from-value.bench,0,image from value,null-s,1,10000,10000,10/1,10000/1,10,1,1000,137.997
8.6.12,bench/image-from-value.bench,0,image from value,null-s,1,10000,10000,1/1,10000/1,1,1,10000,136.059
8.6.12,bench/image-from-value.bench,0,image from value,null-s,1,10000,1000,100/1,100/1,1000,10,1,199.337
8.6.12,bench/image-from-value.bench,0,image from value,null-s,1,10000,1000,10/1,100/1,100,10,10,175.167
8.6.12,bench/image-from-value.bench,0,image from value,null-s,1,10000,1000,1/10,100/1,1,10,1000,152.712
8.6.12,bench/image-from-value.bench,0,image from value,null-s,1,10000,1000,1/1,100/1,10,10,100,171.664
8.6.12,bench/image-from-value.bench,0,image from value,null-s,1,10000,100,1/100,1/1,1,100,100,450.24
8.6.12,bench/image-from-value.bench,0,image from value,null-s,1,10000,100,1/10,1/1,10,100,10,465.297
8.6.12,bench/image-from-value.bench,0,image from value,null-s,1,10000,100,1/1,1/1,100,100,1,466.943
8.6.12,bench/image-from-value.bench,0,image from value,null-s,1,10000,10,1/1000,1/100,1,1000,10,3461.284
8.6.12,bench/image-from-value.bench,0,image from value,null-s,1,10000,10,1/100,1/100,10,1000,1,3223.83
8.6.12,bench/image-from-value.bench,0,image from value,null-s,1,10000,1,1/10000,1/10000,1,10000,1,33155.667
8.6.12,bench/image-from-value.bench,0,image from value,null-s,1,1000,1000,1000/1,1000/1,1000,1,1,74.264
8.6.12,bench/image-from-value.bench,0,image from value,null-s,1,1000,1000,100/1,1000/1,100,1,10,70.293
8.6.12,bench/image-from-value.bench,0,image from value,null-s,1,1000,1000,10/1,1000/1,10,1,100,69.919
8.6.12,bench/image-from-value.bench,0,image from value,null-s,1,1000,1000,1/1,1000/1,1,1,1000,74.096
8.6.12,bench/image-from-value.bench,0,image from value,null-s,1,1000,100,10/1,10/1,100,10,1,113.244
8.6.12,bench/image-from-value.bench,0,image from value,null-s,1,1000,100,1/10,10/1,1,10,100,108.583
8.6.12,bench/image-from-value.bench,0,image from value,null-s,1,1000,100,1/1,10/1,10,10,10,115.459
8.6.12,bench/image-from-value.bench,0,image from value,null-s,1,1000,10,1/100,1/10,1,100,10,434.549
8.6.12,bench/image-from-value.bench,0,image from value,null-s,1,1000,10,1/10,1/10,10,100,1,412.747
8.6.12,bench/image-from-value.bench,0,image from value,null-s,1,1000,1,1/1000,1/1000,1,1000,1,3418.383
8.6.12,bench/image-from-value.bench,0,image from value,null-s,1,100,100,100/1,100/1,100,1,1,75.37
8.6.12,bench/image-from-value.bench,0,image from value,null-s,1,100,100,10/1,100/1,10,1,10,67.021
8.6.12,bench/image-from-value.bench,0,image from value,null-s,1,100,100,1/1,100/1,1,1,100,82.78
8.6.12,bench/image-from-value.bench,0,image from value,null-s,1,100,10,1/10,1/1,1,10,10,98.645
8.6.12,bench/image-from-value.bench,0,image from value,null-s,1,100,10,1/1,1/1,10,10,1,106.825
8.6.12,bench/image-from-value.bench,0,image from value,null-s,1,100,1,1/100,1/100,1,100,1,436.211
8.6.12,bench/image-from-value.bench,0,image from value,null-s,1,10,10,10/1,10/1,10,1,1,63.03
8.6.12,bench/image-from-value.bench,0,image from value,null-s,1,10,10,1/1,10/1,1,1,10,68.207
8.6.12,bench/image-from-value.bench,0,image from value,null-s,1,10,1,1/10,1/10,1,10,1,101.757
8.6.12,bench/image-from-value.bench,0,image from value,null-s,1,1,1,1/1,1/1,1,1,1,69.663
8.6.12,bench/image-from-value.bench,0,image from value,null-s,2,100000,100000,100000/1,100000/1,100000,1,1,1048.54
8.6.12,bench/image-from-value.bench,0,image from value,null-s,2,100000,100000,10000/1,100000/1,10000,1,10,830.157
8.6.12,bench/image-from-value.bench,0,image from value,null-s,2,100000,100000,1000/1,100000/1,1000,1,100,1360.749
8.6.12,bench/image-from-value.bench,0,image from value,null-s,2,100000,100000,100/1,100000/1,100,1,1000,783.986
8.6.12,bench/image-from-value.bench,0,image from value,null-s,2,100000,100000,10/1,100000/1,10,1,10000,878.559
8.6.12,bench/image-from-value.bench,0,image from value,null-s,2,100000,100000,1/1,100000/1,1,1,100000,888.651
8.6.12,bench/image-from-value.bench,0,image from value,null-s,2,100000,10000,1000/1,1000/1,10000,10,1,614.971
8.6.12,bench/image-from-value.bench,0,image from value,null-s,2,100000,10000,100/1,1000/1,1000,10,10,509.506
8.6.12,bench/image-from-value.bench,0,image from value,null-s,2,100000,10000,10/1,1000/1,100,10,100,476.021
8.6.12,bench/image-from-value.bench,0,image from value,null-s,2,100000,10000,1/10,1000/1,1,10,10000,482.993
8.6.12,bench/image-from-value.bench,0,image from value,null-s,2,100000,10000,1/1,1000/1,10,10,1000,506.359
8.6.12,bench/image-from-value.bench,0,image from value,null-s,2,100000,1000,10/1,10/1,1000,100,1,769.277
8.6.12,bench/image-from-value.bench,0,image from value,null-s,2,100000,1000,1/100,10/1,1,100,1000,687.254
8.6.12,bench/image-from-value.bench,0,image from value,null-s,2,100000,1000,1/10,10/1,10,100,100,696.779
8.6.12,bench/image-from-value.bench,0,image from value,null-s,2,100000,1000,1/1,10/1,100,100,10,680.793
8.6.12,bench/image-from-value.bench,0,image from value,null-s,2,100000,100,1/1000,1/10,1,1000,100,4173.561
8.6.12,bench/image-from-value.bench,0,image from value,null-s,2,100000,100,1/100,1/10,10,1000,10,4223.393
8.6.12,bench/image-from-value.bench,0,image from value,null-s,2,100000,100,1/10,1/10,100,1000,1,3982.384
8.6.12,bench/image-from-value.bench,0,image from value,null-s,2,100000,10,1/10000,1/1000,1,10000,10,39893.584
8.6.12,bench/image-from-value.bench,0,image from value,null-s,2,100000,10,1/1000,1/1000,10,10000,1,40376.135
8.6.12,bench/image-from-value.bench,0,image from value,null-s,2,100000,1,1/100000,1/100000,1,100000,1,346848.336
8.6.12,bench/image-from-value.bench,0,image from value,null-s,2,10000,10000,10000/1,10000/1,10000,1,1,224.964
8.6.12,bench/image-from-value.bench,0,image from value,null-s,2,10000,10000,1000/1,10000/1,1000,1,10,169.568
8.6.12,bench/image-from-value.bench,0,image from value,null-s,2,10000,10000,100/1,10000/1,100,1,100,174.086
8.6.12,bench/image-from-value.bench,0,image from value,null-s,2,10000,10000,10/1,10000/1,10,1,1000,154.244
8.6.12,bench/image-from-value.bench,0,image from value,null-s,2,10000,10000,1/1,10000/1,1,1,10000,167.761
8.6.12,bench/image-from-value.bench,0,image from value,null-s,2,10000,1000,100/1,100/1,1000,10,1,187.42
8.6.12,bench/image-from-value.bench,0,image from value,null-s,2,10000,1000,10/1,100/1,100,10,10,177.123
8.6.12,bench/image-from-value.bench,0,image from value,null-s,2,10000,1000,1/10,100/1,1,10,1000,171.709
8.6.12,bench/image-from-value.bench,0,image from value,null-s,2,10000,1000,1/1,100/1,10,10,100,173.892
8.6.12,bench/image-from-value.bench,0,image from value,null-s,2,10000,100,1/100,1/1,1,100,100,531.099
8.6.12,bench/image-from-value.bench,0,image from value,null-s,2,10000,100,1/10,1/1,10,100,10,541.873
8.6.12,bench/image-from-value.bench,0,image from value,null-s,2,10000,100,1/1,1/1,100,100,1,533.496
8.6.12,bench/image-from-value.bench,0,image from value,null-s,2,10000,10,1/1000,1/100,1,1000,10,4442.662
8.6.12,bench/image-from-value.bench,0,image from value,null-s,2,10000,10,1/100,1/100,10,1000,1,4210.042
8.6.12,bench/image-from-value.bench,0,image from value,null-s,2,10000,1,1/10000,1/10000,1,10000,1,40449.692
8.6.12,bench/image-from-value.bench,0,image from value,null-s,2,1000,1000,1000/1,1000/1,1000,1,1,90.689
8.6.12,bench/image-from-value.bench,0,image from value,null-s,2,1000,1000,100/1,1000/1,100,1,10,94.843
8.6.12,bench/image-from-value.bench,0,image from value,null-s,2,1000,1000,10/1,1000/1,10,1,100,84.203
8.6.12,bench/image-from-value.bench,0,image from value,null-s,2,1000,1000,1/1,1000/1,1,1,1000,92.789
8.6.12,bench/image-from-value.bench,0,image from value,null-s,2,1000,100,10/1,10/1,100,10,1,155.857
8.6.12,bench/image-from-value.bench,0,image from value,null-s,2,1000,100,1/10,10/1,1,10,100,153.808
8.6.12,bench/image-from-value.bench,0,image from value,null-s,2,1000,100,1/1,10/1,10,10,10,163.134
8.6.12,bench/image-from-value.bench,0,image from value,null-s,2,1000,10,1/100,1/10,1,100,10,542.529
8.6.12,bench/image-from-value.bench,0,image from value,null-s,2,1000,10,1/10,1/10,10,100,1,546.122
8.6.12,bench/image-from-value.bench,0,image from value,null-s,2,1000,1,1/1000,1/1000,1,1000,1,4223.374
8.6.12,bench/image-from-value.bench,0,image from value,null-s,2,100,100,100/1,100/1,100,1,1,93.94
8.6.12,bench/image-from-value.bench,0,image from value,null-s,2,100,100,10/1,100/1,10,1,10,89.697
8.6.12,bench/image-from-value.bench,0,image from value,null-s,2,100,100,1/1,100/1,1,1,100,93.904
8.6.12,bench/image-from-value.bench,0,image from value,null-s,2,100,10,1/10,1/1,1,10,10,170.504
8.6.12,bench/image-from-value.bench,0,image from value,null-s,2,100,10,1/1,1/1,10,10,1,147.692
8.6.12,bench/image-from-value.bench,0,image from value,null-s,2,100,1,1/100,1/100,1,100,1,525.647
8.6.12,bench/image-from-value.bench,0,image from value,null-s,2,10,10,10/1,10/1,10,1,1,76.14
8.6.12,bench/image-from-value.bench,0,image from value,null-s,2,10,10,1/1,10/1,1,1,10,81.921
8.6.12,bench/image-from-value.bench,0,image from value,null-s,2,10,1,1/10,1/10,1,10,1,155.616
8.6.12,bench/image-from-value.bench,0,image from value,null-s,2,1,1,1/1,1/1,1,1,1,79.994
8.6.12,bench/image-from-value.bench,0,image from value,null-s,4,100000,100000,100000/1,100000/1,100000,1,1,1397.618
8.6.12,bench/image-from-value.bench,0,image from value,null-s,4,100000,100000,10000/1,100000/1,10000,1,10,1057.609
8.6.12,bench/image-from-value.bench,0,image from value,null-s,4,100000,100000,1000/1,100000/1,1000,1,100,1098.261
8.6.12,bench/image-from-value.bench,0,image from value,null-s,4,100000,100000,100/1,100000/1,100,1,1000,1100.083
8.6.12,bench/image-from-value.bench,0,image from value,null-s,4,100000,100000,10/1,100000/1,10,1,10000,1082.894
8.6.12,bench/image-from-value.bench,0,image from value,null-s,4,100000,100000,1/1,100000/1,1,1,100000,1120.351
8.6.12,bench/image-from-value.bench,0,image from value,null-s,4,100000,10000,1000/1,1000/1,10000,10,1,535.04
8.6.12,bench/image-from-value.bench,0,image from value,null-s,4,100000,10000,100/1,1000/1,1000,10,10,466.473
8.6.12,bench/image-from-value.bench,0,image from value,null-s,4,100000,10000,10/1,1000/1,100,10,100,448.573
8.6.12,bench/image-from-value.bench,0,image from value,null-s,4,100000,10000,1/10,1000/1,1,10,10000,425.263
8.6.12,bench/image-from-value.bench,0,image from value,null-s,4,100000,10000,1/1,1000/1,10,10,1000,441.565
8.6.12,bench/image-from-value.bench,0,image from value,null-s,4,100000,1000,10/1,10/1,1000,100,1,783.392
8.6.12,bench/image-from-value.bench,0,image from value,null-s,4,100000,1000,1/100,10/1,1,100,1000,791.879
8.6.12,bench/image-from-value.bench,0,image from value,null-s,4,100000,1000,1/10,10/1,10,100,100,830.786
8.6.12,bench/image-from-value.bench,0,image from value,null-s,4,100000,1000,1/1,10/1,100,100,10,837.815
8.6.12,bench/image-from-value.bench,0,image from value,null-s,4,100000,100,1/1000,1/10,1,1000,100,6420.746
8.6.12,bench/image-from-value.bench,0,image from value,null-s,4,100000,100,1/100,1/10,10,1000,10,6605.925
8.6.12,bench/image-from-value.bench,0,image from value,null-s,4,100000,100,1/10,1/10,100,1000,1,6436.802
8.6.12,bench/image-from-value.bench,0,image from value,null-s,4,100000,10,1/10000,1/1000,1,10000,10,62666.45
8.6.12,bench/image-from-value.bench,0,image from value,null-s,4,100000,10,1/1000,1/1000,10,10000,1,63088.035
8.6.12,bench/image-from-value.bench,0,image from value,null-s,4,100000,1,1/100000,1/100000,1,100000,1,598057.996
8.6.12,bench/image-from-value.bench,0,image from value,null-s,4,10000,10000,10000/1,10000/1,10000,1,1,281.375
8.6.12,bench/image-from-value.bench,0,image from value,null-s,4,10000,10000,1000/1,10000/1,1000,1,10,236.837
8.6.12,bench/image-from-value.bench,0,image from value,null-s,4,10000,10000,100/1,10000/1,100,1,100,240.043
8.6.12,bench/image-from-value.bench,0,image from value,null-s,4,10000,10000,10/1,10000/1,10,1,1000,229.188
8.6.12,bench/image-from-value.bench,0,image from value,null-s,4,10000,10000,1/1,10000/1,1,1,10000,219.168
8.6.12,bench/image-from-value.bench,0,image from value,null-s,4,10000,1000,100/1,100/1,1000,10,1,288.099
8.6.12,bench/image-from-value.bench,0,image from value,null-s,4,10000,1000,10/1,100/1,100,10,10,261.621
8.6.12,bench/image-from-value.bench,0,image from value,null-s,4,10000,1000,1/10,100/1,1,10,1000,238.385
8.6.12,bench/image-from-value.bench,0,image from value,null-s,4,10000,1000,1/1,100/1,10,10,100,250.518
8.6.12,bench/image-from-value.bench,0,image from value,null-s,4,10000,100,1/100,1/1,1,100,100,916.027
8.6.12,bench/image-from-value.bench,0,image from value,null-s,4,10000,100,1/10,1/1,10,100,10,887.852
8.6.12,bench/image-from-value.bench,0,image from value,null-s,4,10000,100,1/1,1/1,100,100,1,913.868
8.6.12,bench/image-from-value.bench,0,image from value,null-s,4,10000,10,1/1000,1/100,1,1000,10,6587.422
8.6.12,bench/image-from-value.bench,0,image from value,null-s,4,10000,10,1/100,1/100,10,1000,1,6504.705
8.6.12,bench/image-from-value.bench,0,image from value,null-s,4,10000,1,1/10000,1/10000,1,10000,1,63626.896
8.6.12,bench/image-from-value.bench,0,image from value,null-s,4,1000,1000,1000/1,1000/1,1000,1,1,160.673
8.6.12,bench/image-from-value.bench,0,image from value,null-s,4,1000,1000,100/1,1000/1,100,1,10,164.058
8.6.12,bench/image-from-value.bench,0,image from value,null-s,4,1000,1000,10/1,1000/1,10,1,100,148.979
8.6.12,bench/image-from-value.bench,0,image from value,null-s,4,1000,1000,1/1,1000/1,1,1,1000,148.303
8.6.12,bench/image-from-value.bench,0,image from value,null-s,4,1000,100,10/1,10/1,100,10,1,244.637
8.6.12,bench/image-from-value.bench,0,image from value,null-s,4,1000,100,1/10,10/1,1,10,100,248.761
8.6.12,bench/image-from-value.bench,0,image from value,null-s,4,1000,100,1/1,10/1,10,10,10,249.387
8.6.12,bench/image-from-value.bench,0,image from value,null-s,4,1000,10,1/100,1/10,1,100,10,913.87
8.6.12,bench/image-from-value.bench,0,image from value,null-s,4,1000,10,1/10,1/10,10,100,1,904.79
8.6.12,bench/image-from-value.bench,0,image from value,null-s,4,1000,1,1/1000,1/1000,1,1000,1,6362.976
8.6.12,bench/image-from-value.bench,0,image from value,null-s,4,100,100,100/1,100/1,100,1,1,161.013
8.6.12,bench/image-from-value.bench,0,image from value,null-s,4,100,100,10/1,100/1,10,1,10,152.057
8.6.12,bench/image-from-value.bench,0,image from value,null-s,4,100,100,1/1,100/1,1,1,100,148.675
8.6.12,bench/image-from-value.bench,0,image from value,null-s,4,100,10,1/10,1/1,1,10,10,230.197
8.6.12,bench/image-from-value.bench,0,image from value,null-s,4,100,10,1/1,1/1,10,10,1,234.125
8.6.12,bench/image-from-value.bench,0,image from value,null-s,4,100,1,1/100,1/100,1,100,1,887.052
8.6.12,bench/image-from-value.bench,0,image from value,null-s,4,10,10,10/1,10/1,10,1,1,141.777
8.6.12,bench/image-from-value.bench,0,image from value,null-s,4,10,10,1/1,10/1,1,1,10,147.082
8.6.12,bench/image-from-value.bench,0,image from value,null-s,4,10,1,1/10,1/10,1,10,1,245.306
8.6.12,bench/image-from-value.bench,0,image from value,null-s,4,1,1,1/1,1/1,1,1,1,152.433
8.6.12,bench/image-from-value.bench,0,image from value,null-s,8,100000,100000,100000/1,100000/1,100000,1,1,1551.262
8.6.12,bench/image-from-value.bench,0,image from value,null-s,8,100000,100000,10000/1,100000/1,10000,1,10,1175.316
8.6.12,bench/image-from-value.bench,0,image from value,null-s,8,100000,100000,1000/1,100000/1,1000,1,100,1189.145
8.6.12,bench/image-from-value.bench,0,image from value,null-s,8,100000,100000,100/1,100000/1,100,1,1000,1202.516
8.6.12,bench/image-from-value.bench,0,image from value,null-s,8,100000,100000,10/1,100000/1,10,1,10000,1178.902
8.6.12,bench/image-from-value.bench,0,image from value,null-s,8,100000,100000,1/1,100000/1,1,1,100000,1149.166
8.6.12,bench/image-from-value.bench,0,image from value,null-s,8,100000,10000,1000/1,1000/1,10000,10,1,653.067
8.6.12,bench/image-from-value.bench,0,image from value,null-s,8,100000,10000,100/1,1000/1,1000,10,10,574.332
8.6.12,bench/image-from-value.bench,0,image from value,null-s,8,100000,10000,10/1,1000/1,100,10,100,586.82
8.6.12,bench/image-from-value.bench,0,image from value,null-s,8,100000,10000,1/10,1000/1,1,10,10000,574.799
8.6.12,bench/image-from-value.bench,0,image from value,null-s,8,100000,10000,1/1,1000/1,10,10,1000,591.435
8.6.12,bench/image-from-value.bench,0,image from value,null-s,8,100000,1000,10/1,10/1,1000,100,1,1982.668
8.6.12,bench/image-from-value.bench,0,image from value,null-s,8,100000,1000,1/100,10/1,1,100,1000,1970.647
8.6.12,bench/image-from-value.bench,0,image from value,null-s,8,100000,1000,1/10,10/1,10,100,100,2018.291
8.6.12,bench/image-from-value.bench,0,image from value,null-s,8,100000,1000,1/1,10/1,100,100,10,1970.466
8.6.12,bench/image-from-value.bench,0,image from value,null-s,8,100000,100,1/1000,1/10,1,1000,100,17258.726
8.6.12,bench/image-from-value.bench,0,image from value,null-s,8,100000,100,1/100,1/10,10,1000,10,17207.299
8.6.12,bench/image-from-value.bench,0,image from value,null-s,8,100000,100,1/10,1/10,100,1000,1,17194.07
8.6.12,bench/image-from-value.bench,0,image from value,null-s,8,100000,10,1/10000,1/1000,1,10000,10,170723.413
8.6.12,bench/image-from-value.bench,0,image from value,null-s,8,100000,10,1/1000,1/1000,10,10000,1,171289.403
8.6.12,bench/image-from-value.bench,0,image from value,null-s,8,100000,1,1/100000,1/100000,1,100000,1,1698580.602
8.6.12,bench/image-from-value.bench,0,image from value,null-s,8,10000,10000,10000/1,10000/1,10000,1,1,382.561
8.6.12,bench/image-from-value.bench,0,image from value,null-s,8,10000,10000,1000/1,10000/1,1000,1,10,362.034
8.6.12,bench/image-from-value.bench,0,image from value,null-s,8,10000,10000,100/1,10000/1,100,1,100,375.71
8.6.12,bench/image-from-value.bench,0,image from value,null-s,8,10000,10000,10/1,10000/1,10,1,1000,367.496
8.6.12,bench/image-from-value.bench,0,image from value,null-s,8,10000,10000,1/1,10000/1,1,1,10000,340.803
8.6.12,bench/image-from-value.bench,0,image from value,null-s,8,10000,1000,100/1,100/1,1000,10,1,503.454
8.6.12,bench/image-from-value.bench,0,image from value,null-s,8,10000,1000,10/1,100/1,100,10,10,482.549
8.6.12,bench/image-from-value.bench,0,image from value,null-s,8,10000,1000,1/10,100/1,1,10,1000,431.246
8.6.12,bench/image-from-value.bench,0,image from value,null-s,8,10000,1000,1/1,100/1,10,10,100,449.751
8.6.12,bench/image-from-value.bench,0,image from value,null-s,8,10000,100,1/100,1/1,1,100,100,1957.47
8.6.12,bench/image-from-value.bench,0,image from value,null-s,8,10000,100,1/10,1/1,10,100,10,1957.134
8.6.12,bench/image-from-value.bench,0,image from value,null-s,8,10000,100,1/1,1/1,100,100,1,1950.728
8.6.12,bench/image-from-value.bench,0,image from value,null-s,8,10000,10,1/1000,1/100,1,1000,10,17300.161
8.6.12,bench/image-from-value.bench,0,image from value,null-s,8,10000,10,1/100,1/100,10,1000,1,17203.814
8.6.12,bench/image-from-value.bench,0,image from value,null-s,8,10000,1,1/10000,1/10000,1,10000,1,170878.188
8.6.12,bench/image-from-value.bench,0,image from value,null-s,8,1000,1000,1000/1,1000/1,1000,1,1,302.873
8.6.12,bench/image-from-value.bench,0,image from value,null-s,8,1000,1000,100/1,1000/1,100,1,10,294.16
8.6.12,bench/image-from-value.bench,0,image from value,null-s,8,1000,1000,10/1,1000/1,10,1,100,299.88
8.6.12,bench/image-from-value.bench,0,image from value,null-s,8,1000,1000,1/1,1000/1,1,1,1000,310.548
8.6.12,bench/image-from-value.bench,0,image from value,null-s,8,1000,100,10/1,10/1,100,10,1,434.394
8.6.12,bench/image-from-value.bench,0,image from value,null-s,8,1000,100,1/10,10/1,1,10,100,441.5
8.6.12,bench/image-from-value.bench,0,image from value,null-s,8,1000,100,1/1,10/1,10,10,10,456.222
8.6.12,bench/image-from-value.bench,0,image from value,null-s,8,1000,10,1/100,1/10,1,100,10,1944.829
8.6.12,bench/image-from-value.bench,0,image from value,null-s,8,1000,10,1/10,1/10,10,100,1,1942.029
8.6.12,bench/image-from-value.bench,0,image from value,null-s,8,1000,1,1/1000,1/1000,1,1000,1,17323.601
8.6.12,bench/image-from-value.bench,0,image from value,null-s,8,100,100,100/1,100/1,100,1,1,294.032
8.6.12,bench/image-from-value.bench,0,image from value,null-s,8,100,100,10/1,100/1,10,1,10,293.486
8.6.12,bench/image-from-value.bench,0,image from value,null-s,8,100,100,1/1,100/1,1,1,100,297.495
8.6.12,bench/image-from-value.bench,0,image from value,null-s,8,100,10,1/10,1/1,1,10,10,426.114
8.6.12,bench/image-from-value.bench,0,image from value,null-s,8,100,10,1/1,1/1,10,10,1,429.15
8.6.12,bench/image-from-value.bench,0,image from value,null-s,8,100,1,1/100,1/100,1,100,1,1961.939
8.6.12,bench/image-from-value.bench,0,image from value,null-s,8,10,10,10/1,10/1,10,1,1,299.654
8.6.12,bench/image-from-value.bench,0,image from value,null-s,8,10,10,1/1,10/1,1,1,10,290.683
8.6.12,bench/image-from-value.bench,0,image from value,null-s,8,10,1,1/10,1/10,1,10,1,422.967
8.6.12,bench/image-from-value.bench,0,image from value,null-s,8,1,1,1/1,1/1,1,1,1,316.208
